VHH name,sequence
BXAJ,LVQPGGSLKLSCVASGVSFSDHHMGWFRQAPGKQRELVATITPRDWPNYADSVLGRFAISRDNAKSTVYLQMNRLKAEDTAVYYCNSAINVGDRWVENWGQGTQVTVTS
BXAJ-1,LVQPGGSLTLSCAASGSIFEIYAMGWFRQAPGKQRELVATITSDGHTNTADSVLGRFTISRDSAKNTVFLRMNSLKPEDTAVYFCNAQGRITVATMRPQYEYWGQGTQVTVSS
BXAJ-10,WVQPGGSLKLSCAASGSISSINGMGWYRQAPGKQRELVATITRAGFTNYLDSVNRRFTISRDNAKNTLYLQMNSLKPEDTAVYYCNAQMGDYYSGPIVDYWGQGTQVTVSS
BXAJ-11,LVQPGGSLRLSCAASGFAFSSSAMTWVRQAPGKGLEWVSTIYSGGHTRTYADSVNGRFTISRDDAKNTLYLQMNNLQPEDSAVYYCANKGGQYPDYAPLSGQGTRVTVSS
BXAJ-12,FVQAGGSLRLSCAASGNIDSIKGMGWYRQAPGKQRELVATITQRDFTNYADSVMGRFTISRENAEKVFLQMNSLKPEDTAVYYCHAWSGTPFETAYREYWGQGTQLTVSS
BXAJ-13,LVQPGGSLRLSCAVSGTISRDDILGWYRQAPGRQRELVADIRSPGVETYASSLQGRFTISRDKDENTVYLQMSDLKPEDTAVYYCNSRSIFDRSAGYWGQGTQVTVSS
BXAJ-14,LVQPGGSLRLSCTASGNINNINGMGWYRQAPGKQRELVATITDRGFTNTADSVVGRFTISREDTTKVFLQMTSLKPEDTAVYFCNAWSGRPFAPDWREYWGQGTQLTVSS
BXAJ-15,FVQAGGSLRLSCVASGSSWTFDVMGWYRQAPGKQRELVATITRDKFTNYESSVKDRFTISGDTAKNTVYLQMNALKPEDTAVYYCHGQNRPFFGQPEYWGQGTQVTVSS
BXAJ-2,SVQAGGSLRLTCVHSGTMFMLKAMGWARQAPGKQRESVATITTDGHIDYADSVKGRFTISRDNAKNTVYLQMNSLNLEDTAVYYCNADYGVPHYWGQGIQVTVSS
BXAJ-3,LVQPGGSLRLSCAASGLTMDYYEIGWFRQAPGKEREGVSSIRSHDSFTYYADSVKGRFTVSRDNAKNTVFLQMNSLKPEDTAIYYCAVDVTPYYAGSYLDAADYDYWGQGTQVTVSS
BXAJ-4,LVQPGGSLRLSCAASGPTYDIGWFRQAPGKERETVSCMTSSDGSTYYADSAKGRFTISRDIAKNTVYLEMNSLKPEDTAVYYCAADLTGTGSDYDDACGFDAWGQGTQVTVSS
BXAJ-5,LVQTGGSLRLSCTSSESIFSRTTMEWYRQPPGKQREWVASMPSDGRTWYSHSVEGRFTFSRDDAQDTLYLQMNSLKPEDTAVYYCHSDLGDLWGQGTQVTVSA
BXAJ-6,LVQAGGSLRLSCAASGSFSSINTMGWYRQTPGVQLDLVASITSSGTTDTAGSVKGRFIISRDNAKNTVYLQMNSLKPEDTDVYYCYARVSPPLDGDYLLDEYEYYGQGTQVTVSS
BXAJ-7,LVQAGDSLRLSCAASSTLFDSDTIGWYRQPPGKQRQLIAVLRSGNTGDYNDSIKDRFTISRDNAKNTVYLQMNDLKPEDTAVYTCALENRYSRQRNSWGQGTQVTVSS
BXAJ-7,LVQAGGSLRLSCTASTSITSPSAMRWYRQAPGKERELVAYITKSSSTNYADSVKGRFTISRDNTKNTVYLQMNSLKPDDTAVYTCSAAFSGVGWEGVEYWGQGTQVTVSS
BXAJ-8,LVQAGGSLRLSCAASGDTICISTMGWYRQAPGKERELVATVTGGGDIFYADSVKGRFTVSRDNAKNSVYLQMDSLRPEDTAVYYCYADSNWCDSFGTYDFWGQGTQVTVSS
BXAJ-9,LVQTGGSLRLSCAASGTMNDLNPMAWYRQGPGKQRESVAFISSTGITKYGDSVKGRFTISRDGAKNTVYLQMNSLKPEDTGVYYCNIVDRSKDYWGQGTQVTVSS
JDQ-A5,LVQPGGSLRLSCAASAGNLDYYAIGWFRQAPGKEREGVSCISSSDGSTVYTDSVKGRFTISRDNTKNTVDLQMDNLKPEDTAVYYCATVVNYYCTAGGSIHASPYEIWGQGTQVTVSS
JDQ-B5,LVQDGGSLRLSCTTSGSIDNFNAIEWYRQAPGKQRELVASISSDGRRTNYADSVKGRFTISGDNAKNTVYLQMNSLKPEDTAVYYCHRPFTHYWGEGTQVTISS
JDQ-B5,LVQPGGSLRLSCVGSGFSISGTTMSWHRQAPGKERELVARIGGIGGETTYADSVKGRFTISRDNAENTVYLQMNSLKLEDTAVYYCHKFFTHYYGQGTQVTVSS
JDQ-F12,LVQPGGSLRLSCAASGFAVGSRYMSWVRQAPGKGLEWVSSIEPDPGPTWDADSVKGRFTISRDDAKNTLYLQMSNLQPEDTGVYYCATGYRTNTRLPGGSWGQGTQVTVSS
JDQ-G5,LVQPGGSLRLSCTASGITNGRFVMAWYRQTPGNEREFVASISSSGGTTSYAPAVKGRFTISRDNNAENAIILQMNSLKPEDTAMYYCRTPNYWGQGTQVTVSS
JDQ-H7,LVQVGGSLRLSCVVSGSDISGIAMGWYRQAPGKRREMVADIFSGGSTDYAGSVKGRFTISRDNAKKTSYLQMNNVKPEDTGVYYCRLYGSGDYWGQGTQVTVSS
XCL-A3,LVQPGGSLRLSCAANGDTLEHDTLGWFRQAPGKEREAVSCISSADDGTYYADSVKGRFTISRDNAKGTVDLRMNNLKPEDTAVYYCATAGVPSSGSGCYYLRYDLWGQGTQVTVSS
XCL-A9,GVQAGGSLRLSCVASGSFHPIKAMGWYRQAPGQQRELVAMIAVTGSTNYADSVKGRFTISRGNPNTVYLQMNSLKPEDTAVYYCKTEHENVRLGILHDSWGQGTQVTVTS
XCL-B10,LVKPGGSLRLSCTASGLSLDDGAVGWFRQAPGKEREGVSCISYSGGTTYYEDSVKGRFTTSRDNAKNTVYLEMNSLKPEDTAVYFCAAGTFRYCFANLQSDLYDYWGQGTQVTVSS
XCL-B2,LVQPGGSLRLSCATSRFTLDYYGIGWFRQAPGKEREGVSCISNSDGSTYYEDSVKGRFAISRDNAENTVYLQMNSLKPEDTAVYYCAITRCWSSMAVMTVPLGDDVWGQGTQVTVSS
XCL-B8,LVQAGGSLRLSCAASGRIRGILSMAWYRQAPGKQREFVARIAYDGDTNYADSVKDRFTVSRDNAKNTVYLQMNSLKPEDTAVYYCNVPHFPEDYWGQGTRVTVSS
XCL-C12,LVQAGGSLRLSCTASGIDIGDKTMAWYRQVPGKERELVATITSRGDITNYVDSLKGRFTFSRDNAENTVYLQMSSLKPEDTAVYYCKLYYTNWWGQGTQVTVSS
XCL-C4,LVQPGGSLRLSCAASRFTLDYYAIGWFRQAPGKEREGVSCISRSADNTYYEDPVKGRFTISRDNAKNTVYLQMNSLKPEDTAVYYCATLNSCGWAPLRTRLIVEDDYWGQGTQVTVSS
XCL-C5,LVQPGGSLRLSCTVTEFTRDYYDIGWFRQAPGKGRETVSCMTISDYSTYYADSVKGRFTISRDNAKNTVYLQMNSLKPEDTSTYYCAVDLTGGRGSDYEDACGFDYWGQGTQVTVSS
XCL-C9,LVQAGGSLRLSCTVSGLISTTYGIDWYRRAPGNQRELVAGISGGGRTNYADSVKGRFTISRGNAYNTVWLQMNSLKPEDTAEYVCNVQYTHHWGQGTQVTVSS
XCL-D11,LVQTGGSLRLSCTPSSGRTYSFNTVDWYHRAPGKERVAVAGLSGGTITYADSVKGRFTISRDITKNSVYLQMNNLKPEDTGVYYCTTYGIGGFDRWGQGTQVTVSS
XCL-D8,LAQAGGSLRLSCAGSGINFGVYDMAWYRQAPGEQRELVASIFSTGFTDYADSVKGRFIISRDNPKQTVYLQMNSLKPEDTARYYCNAKFAGVDLWGQGTQVTVSS
XCL-E11,LVEAGGSLRLSCTASGRFFRANTMGWYRQAAGKERELVAVMINAGATDGVINYADSVKGRFTISRDNAKSMVYLQMNSLKPEDTAVYYCYARTYVAGWGQGTQVTVAS
XCL-E7,LVQAGGSLTLSCVGSGFNFGVNDMGWYRQAPGKQRELVAMIFSAGMTDYADSVKGRFTISRDNPKKTVYLQMNSLKPEDTAVYYCNGNRVAWGQGIQVTVSS
XCL-E8,SVQAGGSLRLSCSYSGSFLRINYMTWYRQTPEYQQEMVATIDSGTNTDYADSVQGRFTISRDNAKNTVYLQMNSLKPEDTGLYFCNAKAVTTSPQYRMADYWGQGTRVTVSS
XCL-F10,LVQAGGSLRLSCEASGTISPRNAMGWYRQAPGKQRELVATETNAGFKNYADSVKGRFTVSRDNAKNAVNLQMNNLRPDDTAVYYCNIDFPPWGREIWGQGTQVTVSS
XCL-F10,LVQPGGSLRLSCAASGTIAERNAMGWYRQAPGKQRELVATITNAGFTNTADFVKGRFTISRDNAKNTVYLQMNSLKPEDTGVYYCNIDFPPWGTSTYWGQGTQVTVSS
XCL-F10,LVQPGGSLRVSCTASGSIFSINAMGWYRQAPGKQRELVATITSAGFTNYADSVMGRFTISRDNAKNTVYLQMNSLKTEDTAVYYCNFDRPPWGQHAVWGQGTQVTVSS
XCL-F10,LVQPGGSLRLSCSASGNIPGNAAMGWYRQVPGKSRELIATITSAGFTNTADFVRGRFTISRDNAKNTVYLQMNNLKREDTAVYYCNVDFPPWGMNESWGQGTQVTVSS
XCL-F6,LVQPGGSLRLSCAASGFTLDHFNIGWFRQAPGKEREAVSCISSSDGSTYYADSVKGRFTISRDNAKNTVYLQMNSLKPEDTAVYYCAADCYSDYVLPSVSLGQGTQVTVSS
XCL-F8,LVQPGGSLRLSCAASGDIFSSYGMGWYRQAPGKEREFVASLTRGGYSNYADSVTGRFTISRDNATTVALQMNSLKPEDTAVYYCYAARWQSPDYWGHGIQVTVSS
XCL-G1,SVQAGGSLLLSCAASGRTFTITSVGWYRRAPGKERELVASSLRGGTRLHYADSVWGRFTMSWDGVKFIVYLRADSLVPEDTGVYYCNANSTDNSYWGQGTQVTVSS
XCL-G10,LVQPGGALRLSCTASGFTLGSYDMSWVRQAPGQGPEWLSSINSGGGRIFYADSVKDRFTISRDNSENTLYLEMNGLKTEDTAKYYCVQGGGSSWYWVESRWGQGTQVTVSS
XCL-G5,LVQAGGSLRLSCTHSASMFNLNTMAWFRQAPGKERELVASITGGGRTTYADFVEGRFTASRDNAKNTLYLEMNSLKPDDTAVYYCNTVYRTYAWGQGTQVTVSS
XCL-G6,EVQAGGSLRLSCAASGADFSRSPLGWWRQVPGRQRDRVAIIYSTGATTYVDSVKGRFTISRDNAKNTVFLQMNSLEPEDTGVYSCFTVVNSQPYWGQGTQVTVSS
XCL-G9,LVQPGGSLRLSCAASGDTVCISDMGWYRQAPGKERELVASITWPGSTTYADFVKGRFTISMNNAKNTVYLQMNSLKPDDTAVYYCNAGSNWCSTTDHWGQGTQVTVSS
XCL-H12,LVQAGGSLRLSCTVSGDTFRDTFSERVMGWYRQTPGKERERIAAITSGGFANYAESVQGRFTISRDNAKNSVYLQMNSLKPEDTAVYYCNMNLRPPPYGYWGQGVQVTVSS